Term,Freq
Україна,468
підтримка,148
вітати,131
країна,121
український,113
день,106
народ,82
вдячний,81
українець,74
новий,66
територіальний,65
цілісність,64
спільний,64
світ,64
безпека,62
держава,59
бажати,57
співпраця,56
життя,56
радий,55
зустріч,55
президент,53
питання,53
допомога,53
суверенітет,52
незалежність,51
громадянин,48
міжнародний,47
обговорити,46
реформа,44
партнер,44
великий,44
раз,43
зробити,43
рішення,42
розмова,42
перемога,42
робити,40
проект,40
війна,40
Європа,40
боротьба,39
Донбас,39
стратегічний,37
працювати,37
майбутній,37
відносини,37
щирий,36
співчуття,36
єс,35
шлях,35
саміт,35
люди,35
друг,35
європейський,34
право,34
щиро,33
стати,33
цінувати,32
підтримувати,31
робот,30
Крим,30
участь,29
розвиток,29
сила,28
подякувати,28
медаль,28
зусилля,28
партнерство,27
крок,27
здоровя,27
зміцнення,26
історія,25
закон,25
відновлення,25
справжній,24
світовий,24
перший,24
отримати,24
земля,24
економічний,24
готовий,24
виклик,24
хотіти,23
успіх,23
свято,23
загиблий,23
державний,23
вірити,23
чекати,22
угода,22
слово,22
прагнення,22
подальший,22
національний,22
важливий,22
близький,22
член,21
трагедія,21
телефонний,21
сфера,21
ситуація,21
очікувати,21
місто,21
кримський,21
захист,21
гра,21
візит,21
важливо,21
бізнес,21
ініціатива,20
швидкий,20
цінність,20
рівень,20
родина,20
результат,20
протидія,20
програма,20
місце,20
зокрема,20
дружній,20
інтерес,19
сучасний,19
суд,19
сподіватися,19
пишатися,19
партнерства,19
найкращий,19
міцний,19
млн,19
мет,19
кордон,19
діалог,19
двосторонній,19
готовність,19
будувати,19
сша,18
режим,18
найбільший,18
корупція,18
жертва,18
військовий,18
історичний,17
членство,17
успішний,17
територія,17
сильний,17
свобода,17
річниця,17
план,17
мир,17
лідер,17
захищати,17
економіка,17
говорити,17
інтеграція,16
інвестиція,16
час,16
хлопець,16
рік,16
розуміти,16
рада,16
пріоритет,16
процвітання,16
продовжувати,16
провести,16
політичний,16
перспектива,16
незмінний,16
літак,16
змогти,16
збірний,16
енергетичний,16
допомогти,16
боротися,16
інфраструктура,15
сход,15
серце,15
позиція,15
подолання,15
пандемії,15
память,15
наслідок,15
людина,15
кий,15
звільнення,15
давати,15
відповідальність,15
центр,14
створення,14
сприяти,14
рідний,14
рф,14
регіон,14
реалізація,14
початок,14
політик,14
повернути,14
міністр,14
млрд,14
зустрітися,14
знати,14
загинути,14
друз,14
вітання,14
бік,14
бронза,14
агресія,14
Естонія,14
єдиний,13
умова,13
торгівля,13
тиснути,13
справа,13
солідарність,13
слава,13
повернення,13
нагорода,13
можливий,13
мирний,13
команда,13
захисник,13
домовленість,13
голова,13
відвідати,13
влада,13
високо,13
вакцини,13
армія,13
тисяча,12
сталий,12
срібний,12
справедливість,12
система,12
сектор,12
розслідування,12
ринок,12
припинення,12
прагнути,12
правило,12
плече,12
платформа,12
перш,12
нато,12
надійний,12
надалі,12
здобути,12
залишатися,12
досягнення,12
дорога,12
гуманітарний,12
втратити,12
встановлення,12
вибори,12
взаємодія,12
бачити,12
Канада,12
уряд,11
суспільство,11
страшний,11
стояти,11
ставати,11
спільно,11
спортсмен,11
річчя,11
принести,11
потрібний,11
поглиблення,11
повинний,11
парламент,11
останній,11
наступний,11
найближчий,11
наголосити,11
можливість,11
масштабний,11
зона,11
зміна,11
звязку,11
збереження,11
завдання,11
діти,11
дружба,11
досвід,11
допомагати,11
дати,11
група,11
герой,11
вільний,11
вогонь,11
взяти,11
бронзовий,11
Туреччина,11
Ізраїль,11
інвестор,10
щасливий,10
школа,10
створювати,10
срібло,10
спорт,10
розвивати,10
підписати,10
продовження,10
проведення,10
причина,10
привітати,10
постраждалий,10
подолати,10
памяті,10
одужання,10
оборона,10
необхідний,10
народження,10
нагода,10
місцевий,10
морський,10
молодь,10
минулий,10
межа,10
лікарня,10
конституційний,10
катастрофа,10
золото,10
захід,10
засідання,10
загроза,10
жахливий,10
дія,10
депутат,10
віра,10
військо,10
відбутися,10
вперше,10
впевнений,10
внесок,10
будівництво,10
активний,10
Польща,10
Іран,10
ім'я,9
щодня,9
чіткий,9
черговий,9
формат,9
упевнений,9
турист,9
тривати,9
тепло,9
судовий,9
стан,9
стабільність,9
спільнота,9
рівня,9
робочий,9
реальний,9
радість,9
підписання,9
підготовка,9
процес,9
приклад,9
прапор,9
практичний,9
потужний,9
пандемією,9
пан,9
особа,9
організація,9
оон,9
окупований,9
око,9
обіцяти,9
надання,9
моряк,9
медичний,9
лінія,9
людство,9
комісія,9
здоровий,9
закликати,9
забезпечити,9
ефективний,9
другий,9
додому,9
деокупації,9
демократичний,9
декларація,9
дата,9
головний,9
глобальний,9
вічний,9
високий,9
альянс,9
аеропорт,9
Литва,9
Австрія,9
Італія,9
ціна,8
цифровий,8
фахівець,8
ухвалити,8
тиша,8
створити,8
складний,8
склад,8
святкування,8
розширення,8
розбудова,8
північний,8
пройти,8
проблема,8
представник,8
правда,8
почати,8
послуга,8
посад,8
поранений,8
показати,8
пожежа,8
подія,8
повний,8
планета,8
оцінка,8
особисто,8
освіта,8
обовязково,8
надати,8
місяць,8
меморандум,8
липень,8
кількість,8
конституція,8
компанія,8
казати,8
зростання,8
запросити,8
енергетик,8
дух,8
домовитися,8
документ,8
довести,8
дно,8
дипломатичний,8
гідний,8
громада,8
глибокий,8
відчувати,8
відновити,8
відкритий,8
відзначити,8
воїн,8
важливість,8
Молдова,8
євроінтеграційних,7
євро,7
шанс,7
частина,7
форум,7
ухвалення,7
українсько,7
тримати,7
технологія,7
сигнал,7
росії,7
розуміння,7
просити,7
приємно,7
премєр,7
почуватися,7
польський,7
покоління,7
поговорити,7
повністю,7
повернутися,7
побачити,7
плідний,7
пдч,7
отримання,7
особливий,7
основа,7
олімпійський,7
окупація,7
окремий,7
незалежний,7
надзвичайно,7
мільйон,7
мрія,7
максима,7
людський,7
ксу,7
кращий,7
конфлікт,7
ключовий,7
кг,7
збройний,7
запрошення,7
законопроект,7
заклад,7
загибель,7
завтра,7
забезпечення,7
дякувати,7
думка,7
доступ,7
довіра,7
добробут,7
дитина,7
дипломат,7
демократія,7
галузь,7
газ,7
втрата,7
врегулювання,7
внутрішній,7
власний,7
виконання,7
вибороти,7
величезний,7
більшість,7
біль,7
благо,7
берегти,7
Михайло,7
Афганістан,7
інфраструктурних,6
інформація,6
інструмент,6
іноземний,6
інвестиційний,6
єдність,6
єднати,6
честь,6
чемпіонат,6
чемпіон,6
увага,6
турецький,6
татарин,6
східний,6
суддя,6
стратегія,6
смартфоні,6
сильніший,6
світло,6
рівність,6
розповісти,6
республіка,6
реабілітація,6
підтримати,6
підтвердити,6
професійний,6
прозорий,6
принцип,6
постачання,6
порядок,6
поглиблювати,6
повня,6
орган,6
олігарх,6
обєднують,6
обсяг,6
обрання,6
оборонний,6
новина,6
неможливо,6
небо,6
навчання,6
набуття,6
медик,6
макрофінансової,6
лікування,6
куточок,6
курс,6
культура,6
кошт,6
конференція,6
конструктивний,6
конкретний,6
карантину,6
канадський,6
золотий,6
знання,6
знайти,6
змагання,6
злагода,6
згідно,6
згоден,6
звязки,6
зацікавлений,6
запорука,6
журналіст,6
жити,6
жаль,6
енергетика,6
доля,6
долучитися,6
доводити,6
дивитися,6
денний,6
гордість,6
гарний,6
відзначати,6
відео,6
вищий,6
висловити,6
вибір,6
взаємний,6
верховний,6
вдома,6
безпечний,6
безпекову,6
бабин,6
активізація,6
аварія,6
Київ,6
Берлін,6
іт,5
існувати,5
яр,5
якнайшвидше,5
шановний,5
чорноморський,5
чистий,5
чин,5
ціль,5
цьогоріч,5
фінансовий,5
унікальний,5
тісно,5
традиція,5
точно,5
тиждень,5
сторінка,5
сторона,5
спосіб,5
сотня,5
смерть,5
слід,5
служба,5
складовий,5
символ,5
серпень,5
сервіс,5
санкція,5
річчям,5
різня,5
різний,5
роль,5
розраховувати,5
розмір,5
регіональний,5
піднімати,5
півострів,5
прояв,5
пропонувати,5
прозорість,5
продовжити,5
прогрес,5
присяга,5
припинити,5
прибути,5
почути,5
починати,5
потенціал,5
посол,5
посилити,5
посилення,5
порт,5
позитивний,5
подяка,5
повінь,5
повноцінний,5
повноправного,5
поважати,5
повага,5
побажати,5
період,5
першочерговий,5
переконаний,5
передовий,5
передати,5
переговори,5
партія,5
паралімпійці,5
паня,5
офіційний,5
особистий,5
олімпіада,5
обговорення,5
неможливий,5
нелегкий,5
незмінно,5
незаконно,5
негайно,5
наснаги,5
належний,5
налаштований,5
найвищий,5
надія,5
музей,5
мудрість,5
мор,5
луганський,5
литовський,5
кінець,5
крипак,5
кримінальний,5
космічний,5
коронавірусу,5
контракт,5
колега,5
клімат,5
категорія,5
змістовний,5
зміст,5
змінювати,5
змога,5
здолати,5
здобуття,5
здатний,5
збільшити,5
запуск,5
запрошувати,5
запропонувати,5
завоювати,5
забрати,5
жовтень,5
електронний,5
експерт,5
досягти,5
дорогий,5
допустити,5
даний,5
голодомор,5
головування,5
військовослужбовець,5
військово,5
відкрити,5
відбуватися,5
втілити,5
впровадження,5
вплив,5
висловлювати,5
винний,5
вимагати,5
вагомий,5
біда,5
бюджет,5
батьківщина,5
американський,5
активізувати,5
Японія,5
Швейцарія,5
Франція,5
Ужгород,5
Олена,5
Людмила,5
Андрій,5
covid,5
італійський,4
ініціювати,4
інформаційний,4
ідея,4
євроатлантичної,4
євроатлантичних,4
щонайменше,4
шукати,4
школяр,4
шкода,4
шведський,4
чути,4
чудовий,4
чиновник,4
четвертий,4
чеський,4
хвороба,4
фінал,4
фізичний,4
форма,4
фонд,4
учитель,4
успішно,4
указ,4
тісний,4
тренер,4
трансформація,4
трагічний,4
травень,4
телефон,4
сільський,4
схиляти,4
стійкий,4
століття,4
старт,4
стандарт,4
стабільний,4
співробітництво,4
співпрацювати,4
сприяння,4
справедливий,4
спортивний,4
син,4
сенатор,4
росія,4
рок,4
розумний,4
розмежування,4
розділяти,4
розгляд,4
рнбо,4
ризик,4
реформування,4
реагувати,4
рамка,4
ракета,4
підтвердження,4
підсумок,4
підписувати,4
протидіяти,4
простір,4
простий,4
провідний,4
призначення,4
президентський,4
працівник,4
початися,4
потребувати,4
потрапити,4
постійний,4
поспілкуватися,4
послідовний,4
попросити,4
попередній,4
покращення,4
показувати,4
поділяти,4
подібний,4
погляд,4
повертатися,4
побувати,4
планувати,4
плавання,4
переможець,4
переконливий,4
перезавантаження,4
переговорити,4
патріот,4
паспорт,4
пандемію,4
памятаємо,4
оцінити,4
остаточно,4
операція,4
оновлення,4
онлайн,4
озброєння,4
обєднатися,4
обстрілів,4
німеччини,4
нетерпіння,4
необхідність,4
неймовірний,4
наука,4
настати,4
населення,4
народний,4
напрям,4
намір,4
належати,4
надавати,4
міць,4
місія,4
менш,4
магія,4
любов,4
крутий,4
криз,4
контроль,4
керівництво,4
керівник,4
канцлер,4
йти,4
зупинити,4
зручний,4
зрозумілий,4
значно,4
зменшити,4
земельний,4
зелений,4
згадувати,4
звільнити,4
звучати,4
звершень,4
збільшення,4
зберегти,4
захоплений,4
заслуговувати,4
закінчитися,4
енергія,4
екіпаж,4
дізнатися,4
дівча,4
душ,4
думати,4
дотримання,4
досягнутий,4
доступний,4
домівка,4
долати,4
доказ,4
доза,4
дитячий,4
дистанція,4
директор,4
дезінформації,4
двері,4
дарувати,4
гроші,4
грати,4
голокосту,4
глибоко,4
генерал,4
галуза,4
вільна,4
відчуження,4
відсіч,4
відстоювати,4
відповідний,4
відповідати,4
відповідальний,4
відвідувати,4
вчора,4
втілення,4
вступ,4
всеосяжного,4
всебічний,4
вранці,4
впевнити,4
вода,4
вміти,4
вкотре,4
вирішення,4
випробування,4
виконувати,4
виділення,4
взаємини,4
вболіваємо,4
варта,4
важкий,4
брати,4
банківський,4
асоціація,4
антисемітизму,4
ангел,4
анастасія,4
актуальний,4
академія,4
Париж,4
Одеса,4
Марина,4
Латвія,4
Борис,4
Єлизавета,4
істина,3
існування,3
інституція,3
інвестувати,3
ізраїльський,3
єврей,3
якісний,3
якомога,3
якнайшвидшого,3
щороку,3
швидше,3
швеції,3
чорнобильський,3
чорний,3
четвірка,3
чесний,3
червень,3
цікавий,3
цивілізований,3
художній,3
характер,3
хабом,3
хабар,3
футбол,3
фундамент,3
фактично,3
учасник,3
урок,3
управління,3
уникнути,3
узгоджений,3
туризм,3
тріо,3
транш,3
традиційно,3
точка,3
торговельний,3
толерантність,3
тиск,3
технічний,3
теплий,3
тегерані,3
татар,3
талановитий,3
сім'я,3
сусід,3
сум,3
стійкість,3
страх,3
стежити,3
статися,3
стартапів,3
співтовариство,3
спокій,3
соціальний,3
сльоза,3
скоро,3
скорбота,3
складно,3
село,3
свідчити,3
свідчення,3
святість,3
садочок,3
ріг,3
рятувати,3
рухатися,3
рука,3
роковин,3
розпочати,3
римський,3
репресія,3
рейс,3
регулярний,3
реагування,3
расизму,3
ранок,3
підхід,3
пункт,3
професія,3
протистояти,3
пропозиція,3
промисловий,3
продуктивний,3
приємний,3
присутність,3
прийти,3
прийняття,3
приймати,3
призерів,3
приватизація,3
поїздка,3
потік,3
поліція,3
політ,3
полонений,3
покарання,3
погодитися,3
повітря,3
повідомити,3
повторитися,3
повертати,3
побудувати,3
побратим,3
побажання,3
платити,3
плат,3
плавці,3
перешкода,3
перетворення,3
переслідування,3
перемагати,3
пережити,3
передбачати,3
перегляд,3
перебувати,3
патріарх,3
офіцер,3
освітній,3
описати,3
оос,3
олімпійців,3
одночасно,3
обєднує,3
обєднані,3
обрати,3
обовязок,3
обличчя,3
обговорювати,3
німецький,3
нормандія,3
нормандському,3
нині,3
нетерпимості,3
непростий,3
насильство,3
народовий,3
народитися,3
напрямок,3
напрацювання,3
наполегливо,3
наповнення,3
міра,3
міжнародно,3
мріяти,3
молодий,3
молитися,3
молитва,3
миротворчий,3
механізм,3
мета,3
меркель,3
мерешко,3
малий,3
максимальний,3
макроекономічний,3
майданчик,3
ліцензія,3
лікар,3
лузан,3
лихо,3
легкоатлетка,3
кібербезпеки,3
ксенофобії,3
кс,3
кривий,3
кредит,3
красивий,3
кпвв,3
космос,3
користь,3
корисний,3
коридор,3
корабель,3
координація,3
книга,3
клас,3
йтися,3
зрозуміти,3
зовнішній,3
значний,3
значення,3
знаходити,3
зменшитися,3
зменшення,3
злочин,3
зичу,3
зелень,3
звільнений,3
звт,3
звертатися,3
зброя,3
західний,3
захистити,3
захворювання,3
засада,3
запровадити,3
запланований,3
записати,3
заможний,3
залучати,3
залишати,3
закінчення,3
законодавство,3
заклик,3
займатися,3
загальний,3
завершення,3
забути,3
забезпечувати,3
житель,3
етап,3
епідемія,3
емоційний,3
експорт,3
евакуація,3
дієвий,3
діяти,3
діяльність,3
дім,3
досягати,3
дослідження,3
донеччині,3
донецький,3
долар,3
докладати,3
дозволяти,3
дозволити,3
доброчесності,3
добро,3
добрити,3
динамік,3
див,3
детально,3
гімн,3
гілка,3
гідно,3
греко,3
гостя,3
господарство,3
головня,3
геноцид,3
гармонія,3
вірність,3
вільнюсі,3
візового,3
відіграти,3
відчути,3
відсутність,3
відновлювати,3
відкритість,3
відкривати,3
віддати,3
відданість,3
вчитель,3
втрачати,3
встановити,3
всесвітній,3
вразливий,3
впливати,3
воєнний,3
ворожий,3
ворог,3
воля,3
вмс,3
влаштувати,3
вклонятися,3
виступити,3
виступ,3
вирішуватися,3
вирішувати,3
вирішити,3
використовувати,3
визначити,3
визнати,3
визнання,3
визнаний,3
видобуток,3
взаємодіяти,3
ветеран,3
вересень,3
величність,3
вдаватися,3
вартість,3
вакцинації,3
білорус,3
бізнесмен,3
боєць,3
борт,3
боронити,3
бойовий,3
березень,3
батько,3
антикорупційних,3
анексії,3
амбітні,3
авіаційний,3
авіакатастрофі,3
Шевченко,3
Чорнобиль,3
Різдво,3
Запоріжжя,3
Грузія,3
Великдень,3
Британія,3
Бразилія,3
Алла,3
Іспанія,3
Євросоюз,3
n,3
італієць,2
інтернет,2
інтелект,2
інвестування,2
інавгурації,2
імя,2
імунітет,2
імператор,2
європеєць,2
євроатлантичні,2
єврейський,2
євгеновича,2
якість,2
юний,2
юдей,2
щоразу,2
щомісяця,2
щоденний,2
щастя,2
штучний,2
широкий,2
шестеро,2
швидко,2
швецією,2
швейцарський,2
шахтар,2
шанувати,2
чужий,2
чотири,2
чинник,2
чинний,2
черга,2
цінний,2
цифровізації,2
цифра,2
цивілізація,2
церква,2
ххі,2
христовий,2
хороший,2
херсонщині,2
хвилина,2
хануки,2
хаг,2
фізкультури,2
футболіст,2
футбольний,2
функціонування,2
фукусіма,2
фронт,2
формувати,2
формування,2
флот,2
флешмобу,2
федіна,2
федеральний,2
учень,2
учення,2
утримуваних,2
утвердження,2
усвідомлювати,2
університет,2
уміння,2
укладення,2
удома,2
уважно,2
тіло,2
туристичний,2
туберкульоз,2
трибуна,2
три,2
третій,2
траншу,2
транспортний,2
трансляція,2
транзитний,2
торік,2
топ,2
товарообігу,2
товар,2
тисячоліття,2
тероризм,2
термін,2
теракт,2
тенісі,2
тенденція,2
творити,2
твердий,2
тані,2
талант,2
січень,2
січа,2
сімї,2
сімям,2
сягнути,2
сьомий,2
сьогоднішній,2
сьогодення,2
схожий,2
супроводжувати,2
судочинство,2
суверенний,2
субота,2
стіл,2
студент,2
стрільбі,2
стосунок,2
сторож,2
стиль,2
статус,2
стартує,2
станція,2
станути,2
станиці,2
стадіон,2
ставити,2
спілкування,2
співчувати,2
спрощення,2
спроба,2
спричинений,2
спогад,2
список,2
спекуляція,2
союзників,2
союзникам,2
союзника,2
солдат,2
сміливий,2
смуток,2
служіння,2
служити,2
слуга,2
славетний,2
скасувати,2
скарбничці,2
синьо,2
серйозно,2
серйозний,2
середній,2
середнє,2
серджіо,2
селище,2
світлий,2
сбу,2
самостійно,2
самоврядування,2
самеах,2
савчук,2
рішучість,2
рідня,2
рух,2
руйнівний,2
руйнувати,2
росією,2
російській,2
російської,2
російських,2
романчука,2
роман,2
розробка,2
розпоряджатися,2
розповідати,2
розкриття,2
розкрити,2
розвідник,2
розвідка,2
розвиватися,2
розблокування,2
родич,2
ризикувати,2
решта,2
реформуємо,2
реформувати,2
репутація,2
релігійний,2
революція,2
реалізуватися,2
рахунок,2
радянський,2
радник,2
піхота,2
піти,2
підґрунтя,2
підприємство,2
підприємництво,2
підприємець,2
підняти,2
підготовлений,2
півроку,2
південний,2
пріоритетний,2
проїхати,2
проінформував,2
прославляти,2
прозвучати,2
продукція,2
продажа,2
продавати,2
прогресивний,2
проводити,2
приїзд,2
приємність,2
приєднання,2
пришвидшити,2
пришвидшенні,2
приходити,2
притягнення,2
присутній,2
прискорення,2
присвячений,2
присвятити,2
примноження,2
примирення,2
прикордонний,2
прийняти,2
прийдешній,2
привезти,2
привабливий,2
прибрати,2
премєра,2
прекрасний,2
представляти,2
представлений,2
предок,2
праця,2
правопорядок,2
правоохоронний,2
правдивий,2
поєднувати,2
поштовх,2
поширення,2
почутити,2
починатися,2
потрібен,2
потекти,2
посісти,2
посідати,2
постраждати,2
постати,2
поставити,2
поспілкувалися,2
посилювати,2
посилання,2
порятунок,2
порозуміння,2
поразка,2
попередження,2
понести,2
політика,2
полон,2
поле,2
показник,2
позбутися,2
позбавити,2
пожежний,2
подорож,2
податок,2
подарунок,2
подарувати,2
погоджуватися,2
повітряний,2
повноправним,2
побачитися,2
пм,2
площа,2
плавця,2
плавець,2
перлина,2
перехід,2
перепризначенням,2
переобранням,2
перемогти,2
перемиря,2
переказати,2
перезавантажити,2
переживати,2
передусім,2
передумова,2
перевищити,2
педагог,2
певний,2
пацієнт,2
пастка,2
парламентський,2
парк,2
паралімпійців,2
папір,2
паперовий,2
папа,2
памятати,2
памятайте,2
падіння,2
охочий,2
охорона,2
особовий,2
особистість,2
основний,2
освічений,2
орієнтир,2
опікуватися,2
опора,2
оператор,2
оперативний,2
окупант,2
одеський,2
оголосити,2
обєктів,2
обєкти,2
обєднати,2
обєднання,2
обєднав,2
обшук,2
обсягти,2
обставина,2
обряд,2
облаштування,2
область,2
німеччині,2
німеччина,2
нормандської,2
нормальний,2
новітній,2
новообраного,2
низка,2
неупередженого,2
нести,2
нереально,2
неприпустимі,2
непохитний,2
непереможний,2
неоціненний,2
ненормально,2
незламність,2
незалежно,2
незабаром,2
недуг,2
негативний,2
невідємними,2
невичерпний,2
невдовзі,2
національність,2
нацизмом,2
нафта,2
науковець,2
натхнення,2
настрій,2
насичений,2
населений,2
народовладдя,2
напружений,2
наполягати,2
наповнювати,2
найщиріші,2
найцінніший,2
найнижчий,2
найголовніший,2
найважливіший,2
називати,2
назва,2
надихають,2
надзвичайний,2
надважливі,2
нагадати,2
навчитися,2
навчальний,2
міст,2
міграція,2
мусульманський,2
мужній,2
мудрий,2
море,2
момент,2
модель,2
могила,2
мовчати,2
мова,2
мобільний,2
меценат,2
мережа,2
меншина,2
меморіальний,2
меморіал,2
медіа,2
медицина,2
мвф,2
мау,2
маттареллою,2
масштаб,2
маска,2
маріуполь,2
марківа,2
малечі,2
маленький,2
максимально,2
майдан,2
магучіх,2
лісовий,2
ліквідувати,2
лідерство,2
ліга,2
любити,2
луцький,2
луганщині,2
летовища,2
леді,2
легко,2
легендарний,2
легенда,2
кіно,2
кілометр,2
кіберпросторі,2
кібербезпека,2
курорт,2
купити,2
куміте,2
культурний,2
кулак,2
кувейту,2
кубок,2
круто,2
кримчан,2
кримськотатарський,2
красень,2
коханий,2
користуватися,2
координувати,2
концтабір,2
концесії,2
концепція,2
контролювати,2
контакт,2
конструктор,2
консолідація,2
конкурентоспроможною,2
конкурентний,2
комітет,2
компютер,2
компенсація,2
командний,2
колір,2
колишній,2
кнр,2
км,2
київський,2
кидати,2
квітень,2
квартира,2
кашице,2
капітал,2
кадровий,2
кава,2
кабула,2
кабмін,2
зібратися,2
зясувати,2
зустріти,2
зустрінутися,2
зсу,2
зростати,2
знищити,2
зміцнювати,2
змінити,2
злодій,2
зло,2
здійснитися,2
звичний,2
звернення,2
збирати,2
заява,2
захисниці,2
затримка,2
затримання,2
затриманий,2
затвердити,2
засудити,2
засуджений,2
заслухаю,2
засвідчити,2
заряд,2
заробітний,2
запропонований,2
започаткувати,2
запобігання,2
заплатити,2
запасний,2
занепокоєння,2
замок,2
замало,2
заліку,2
залучення,2
залишитися,2
залишити,2
зал,2
закінчуватися,2
закордонний,2
зазнати,2
забутити,2
забувати,2
жовтий,2
живий,2
епізод,2
еміра,2
емоція,2
експертний,2
евакуйовано,2
ділитися,2
діджиталізація,2
діагноз,2
душа,2
духовний,2
дружина,2
доход,2
досвідчений,2
долучився,2
додаток,2
додатковий,2
добудова,2
дискусія,2
дивувати,2
джонсона,2
деталь,2
державність,2
деревина,2
деолігархізацію,2
демонструвати,2
двоє,2
двопартійну,2
гіркий,2
гідність,2
гутерріша,2
гуманізм,2
грн,2
графік,2
готуватися,2
готувати,2
гострий,2
гостинність,2
гостинний,2
горизонт,2
гора,2
голосування,2
голод,2
година,2
глава,2
героїзм,2
географія,2
гелікоптера,2
гарно,2
гарантія,2
гарант,2
вірус,2
віросповідання,2
відчинений,2
відстоюванні,2
відстоювання,2
відстань,2
відомий,2
відзначатися,2
відділення,2
відданий,2
відвертий,2
відважний,2
відвага,2
відбір,2
відбудова,2
вязнів,2
вчитися,2
вчити,2
вчасна,2
вуста,2
втілювати,2
втрачений,2
встановлений,2
всебічно,2
врятувати,2
врахувати,2
вражати,2
впроваджувати,2
вправний,2
впоратися,2
востаннє,2
воскреснути,2
вогнеборцям,2
вночі,2
внесення,2
власність,2
вишиванки,2
вихід,2
виходити,2
вихованець,2
виступати,2
вистояти,2
висота,2
висновок,2
вирішений,2
вирушити,2
виробництво,2
випадок,2
вилетіти,2
викладач,2
видатний,2
виграти,2
вивчити,2
вивезти,2
вибух,2
взірець,2
веслувальник,2
верховенства,2
вдосконалення,2
вважати,2
вакциною,2
вакцин,2
вага,2
бін,2
бюджетний,2
будинок,2
братній,2
брат,2
боєздатні,2
боятися,2
блискучий,2
битися,2
безпечно,2
безпекова,2
бачення,2
батьківський,2
батьки,2
басейн,2
банк,2
бал,2
базовий,2
база,2
бажання,2
асоційоване,2
архітектура,2
артистичний,2
антоніу,2
антикорупційної,2
антикорупційного,2
анексію,2
ангелою,2
аналог,2
ан,2
амбіція,2
амбулаторій,2
аль,2
алексіїва,2
активно,2
акт,2
аес,2
адекватний,2
авіація,2
авіакатастрофи,2
автобус,2
Ярослав,2
Юрій,2
Шевчук,2
Чехія,2
Чернігів,2
Христос,2
Херсон,2
Сергій,2
Португалія,2
Патон,2
Олександр,2
Оксана,2
Марта,2
Македонія,2
Корея,2
Катерина,2
Дніпро,2
Денис,2
Греція,2
Віталій,2
Владислава,2
Вашингтон,2
Анна,2
Ірина,2
Євгенія,2
ukraine,2
u,2
paperless,2
out,2
not,2
miss,2
dont,2
by,2
ґрунт,1
ґрати,1
їі,1
їсти,1
їда,1
іудей,1
ітися,1
істотно,1
історико,1
історик,1
іспит,1
іригацію,1
іранців,1
інцидент,1
інфраструктурні,1
інфополі,1
інтронізації,1
інтернету,1
інтернат,1
інтервю,1
інтелектуал,1
інтегрується,1
інтегрований,1
інстанція,1
інжинірингу,1
інвестуємо,1
інвестуйте,1
інвестував,1
інавгурацією,1
імідж,1
імпічмент,1
імпульс,1
імпортний,1
імплементації,1
іменують,1
ім,1
іл,1
ізраїльтянам,1
ізраїльтян,1
ізолюватися,1
ідеологія,1
ідентичність,1
ідентифікація,1
ідеальний,1
ідеал,1
ігнорувати,1
івентів,1
івано,1
єтнаму,1
ємені,1
ємельянов,1
єк,1
єднатися,1
єгипетський,1
євроінтеграції,1
євроінтеграційного,1
євроради,1
єврооблігацій,1
єврокомісією,1
єврокомісаром,1
євробондів,1
євроатлантичний,1
яхтсменів,1
яхно,1
ятатиме,1
ясний,1
ядерний,1
юридичний,1
юніорської,1
ювілей,1
щотижня,1
щонайперше,1
щоденно,1
щедрий,1
щастити,1
щасливчиків,1
шість,1
шпажистів,1
шотландії,1
шостий,1
шокований,1
шкільний,1
шкодувати,1
шинкаренко,1
шелков,1
шейха,1
шедевр,1
швеція,1
шахта,1
шаурма,1
шаройко,1
шарлю,1
шанувальник,1
шана,1
шалленберга,1
шалений,1
чітко,1
чудово,1
чудо,1
чорноморсько,1
чоловік,1
читати,1
читання,1
чисельність,1
чинність,1
чимало,1
чечоткіна,1
четверікова,1
четверть,1
чесність,1
черкасову,1
червоний,1
чемпіонські,1
чемпіонство,1
чемпіонку,1
чемезов,1
чекапи,1
частинка,1
часовий,1
чапкіс,1
чайка,1
чаес,1
цінніша,1
ціннісний,1
цінно,1
цілісний,1
цілодобово,1
цілий,1
цьогорічному,1
цьогорічного,1
цьогорічне,1
цунамі,1
цнапи,1
цнап,1
цифровізуємо,1
цифровізація,1
цивілізовано,1
цивільний,1
цвєтов,1
художник,1
хрещення,1
хотітися,1
хорватія,1
хорватської,1
хомчаку,1
хомчака,1
хомича,1
ходити,1
хмельниччині,1
хижняк,1
хештег,1
херсонщино,1
хейту,1
хворий,1
хвиля,1
хвилювати,1
харчування,1
харківщині,1
хаотичний,1
хамаду,1
халіфі,1
халіду,1
хакатон,1
хабад,1
фірташ,1
фінський,1
фінансувати,1
фінансування,1
фінансисти,1
фінанси,1
фільм,1
фіксований,1
фіксація,1
фури,1
функція,1
функціонувати,1
фуміо,1
фукс,1
фріланд,1
фрн,1
фредеріксен,1
франциска,1
франківщині,1
фракція,1
фото,1
фон,1
флешмоб,1
феєрична,1
фестиваль,1
фейків,1
фейковий,1
фейкам,1
федота,1
фасадну,1
фармацевтичні,1
фантастика,1
фан,1
учнівський,1
учасниця,1
ухвалюються,1
ухвалюю,1
ухвалюватиме,1
утримуватися,1
утримувати,1
уточненими,1
утворення,1
усунути,1
усунення,1
устрій,1
усмішка,1
ускладнювати,1
усвідомити,1
урядовий,1
урср,1
урочистість,1
урочистий,1
урахування,1
урагану,1
ураганом,1
ураган,1
уперше,1
упевнено,1
упа,1
унітарна,1
укріплення,1
українськи,1
україномовний,1
укотре,1
укласти,1
узгоджувати,1
узгодження,1
увійти,1
тішити,1
тіснішої,1
тінь,1
тяжкий,1
туған,1
турецько,1
трішечки,1
трійка,1
трюдо,1
трусову,1
трусов,1
трускавці,1
трудовий,1
трубецького,1
триматися,1
трилер,1
трикутник,1
трик,1
трибунал,1
третина,1
тренд,1
траплятися,1
трансєвропейської,1
транспорт,1
трансатлантичної,1
транзитерів,1
травма,1
точок,1
точний,1
торішній,1
торкнутися,1
торговельно,1
топових,1
токіо,1
товарообіг,1
тло,1
ткг,1
титул,1
титанову,1
тимчасовий,1
тил,1
техніка,1
технік,1
технократ,1
техногенний,1
тетові,1
тест,1
терпимості,1
терористичний,1
терор,1
терміново,1
терміновий,1
терлюга,1
теплота,1
теперішній,1
тенісу,1
тематичний,1
тема,1
телерадіомовлення,1
телекомунікаційний,1
телеканал,1
тегерана,1
творчість,1
творчий,1
твердь,1
твердо,1
таїланді,1
тариф,1
танцівник,1
танкера,1
танк,1
танець,1
таміму,1
таймі,1
табір,1
сірий,1
сімю,1
сімки,1
сіло,1
сікорський,1
сік,1
сюрприз,1
сценарій,1
схід,1
схил,1
схема,1
схвалюю,1
схвалення,1
схвалений,1
сформувати,1
сформований,1
суша,1
сучасність,1
суховантажу,1
суттєво,1
суттєвий,1
сусідній,1
суспільний,1
супутник,1
суперкубок,1
суперзірка,1
суперечність,1
супергерої,1
суміш,1
сумнів,1
сумний,1
сумлінність,1
сумарно,1
сума,1
сулейманов,1
сукупний,1
сугою,1
суворий,1
субєктність,1
субрегіональному,1
стурбованості,1
стукати,1
стрічка,1
стрімкий,1
стрілянина,1
структурний,1
структура,1
строїти,1
стримування,1
стримати,1
стрибок,1
страхування,1
стратити,1
страждання,1
стос,1
столиця,1
стокгольмського,1
стихія,1
стихійний,1
стимул,1
створений,1
статут,1
стаття,1
статистик,1
старікова,1
старший,1
стартапи,1
стартап,1
стародавній,1
старовинний,1
становлять,1
становить,1
становив,1
сталевий,1
стадія,1
ставок,1
ставлення,1
ставитися,1
ст,1
ссо,1
срср,1
спілкуватися,1
співіснувати,1
співголову,1
спустити,1
спуск,1
спрямувати,1
спрямований,1
спротиву,1
спротивити,1
спростимо,1
спричинити,1
спринті,1
сприймати,1
справно,1
справджується,1
спорядженням,1
спорткомплекси,1
спортзали,1
споживач,1
сповнений,1
сповна,1
спина,1
спеціаліст,1
спеціальний,1
спецзасобів,1
спектр,1
спадщина,1
спадкоємність,1
спадкоємному,1
союзу,1
соціологічний,1
соузу,1
сорочка,1
сорок,1
сонячний,1
соммаругою,1
солідний,1
солідарні,1
солоний,1
солодощів,1
солодощі,1
соборності,1
снайперських,1
сміятися,1
смертність,1
смачно,1
смачний,1
слугувати,1
словянська,1
словянськ,1
словенського,1
словаччини,1
словаччина,1
словацький,1
скупчення,1
скруток,1
скринька,1
скривджений,1
скоротити,1
скоординували,1
скликати,1
скласти,1
складнощі,1
складатися,1
складати,1
скарбничку,1
скарбнички,1
скарб,1
скандуванням,1
скалічених,1
скалічене,1
сказати,1
системно,1
системний,1
сировина,1
сирий,1
сир,1
синхронізується,1
синагога,1
симонеттою,1
символізувати,1
силовики,1
сидоренко,1
сестричка,1
серцебиття,1
сержант,1
середовище,1
середньотижневу,1
сердечний,1
сербіна,1
семено,1
секція,1
секунда,1
секторальної,1
секретар,1
сеймасі,1
сезонний,1
свічка,1
світоліна,1
світоглядний,1
світанок,1
свідоцтво,1
свідомий,1
святкувати,1
святий,1
сваритися,1
свавілля,1
сатира,1
сару,1
сапери,1
саня,1
санчесу,1
санкційного,1
санду,1
санаторну,1
самісінький,1
самота,1
самостійність,1
самопожертви,1
самовіддачу,1
самовідданість,1
самобутність,1
сакелларопулу,1
сайрусу,1
саеймі,1
сабаха,1
річний,1
річ,1
рійгікогу,1
рівно,1
рівненщині,1
рівліна,1
рятівники,1
рятівника,1
рятувальники,1
рятувальниками,1
рятувальника,1
рушити,1
рухати,1
рута,1
рус,1
рукостискання,1
руйнування,1
рр,1
роумінгу,1
росіяни,1
росію,1
російського,1
росквіту,1
романчук,1
рол,1
роковини,1
ройтбурда,1
розібратися,1
розшифровки,1
розширюватися,1
розширити,1
розширений,1
розчулення,1
розстріляти,1
розстріл,1
розслідують,1
розслабитися,1
розробник,1
розробляти,1
розрахунок,1
розпочинати,1
розпочатися,1
розпорядником,1
розподіл,1
розмістити,1
розмаїтій,1
розмаїття,1
розкопка,1
роздум,1
роздоріжжя,1
розглянутий,1
розглядатися,1
розвязка,1
розвязання,1
розвантажуватись,1
розбудовуємо,1
розбудовуватимуть,1
розбитися,1
родинний,1
робітник,1
роботодавець,1
реінтеграції,1
реєстрація,1
референдум,1
реувена,1
ресурс,1
ресторан,1
рестарт,1
респіратори,1
репостом,1
ремонт,1
ректор,1
рекордів,1
рекордного,1
реконструкція,1
рекомендувати,1
рекомендація,1
рекламний,1
рейзлін,1
рейдерства,1
рейва,1
результативність,1
результативною,1
резолюція,1
резнік,1
резерв,1
регламент,1
ревіталізації,1
революційний,1
ребелу,1
реалія,1
реалізувати,1
реалізовуватися,1
реалізований,1
реальність,1
реально,1
реакція,1
реабілітаційні,1
рб,1
ратифіковано,1
ратифікація,1
ратифікацію,1
расовий,1
ранній,1
ранг,1
рамадану,1
ракетка,1
районний,1
район,1
радіти,1
радісний,1
радіаційний,1
піхотинці,1
пістолет,1
пісня,1
післязавтра,1
піратського,1
пінчуком,1
пільговий,1
пілотного,1
пілоти,1
пізнається,1
пізнаються,1
пізнавати,1
підтримання,1
підтверджувати,1
підривати,1
підписаний,1
підпис,1
підпалити,1
підозрювані,1
підніматися,1
підлягати,1
підконтрольних,1
підказкою,1
підготувати,1
підвищити,1
підвищення,1
підвести,1
підбити,1
підбирати,1
підбивати,1
півсвіту,1
північноатлантичної,1
північноатлантичного,1
південь,1
пятьох,1
пять,1
пятова,1
пятницю,1
пуща,1
пурим,1
публічно,1
публічний,1
психіатричній,1
прізвище,1
пряник,1
прямий,1
проґавте,1
проєвропейських,1
проявлені,1
прощатися,1
процентна,1
процедура,1
проходити,1
проходження,1
профілактика,1
професіонал,1
протистояння,1
протилежний,1
просунутися,1
просуватися,1
просування,1
проспіть,1
прославити,1
пропорційно,1
пропагандистів,1
пропаганда,1
проміжний,1
промоцію,1
промовляти,1
промовити,1
промисловець,1
проклали,1
прокладе,1
прозоро,1
продукт,1
продовольчий,1
продовжуватися,1
продовжиться,1
продемонструвати,1
прогулявся,1
проголошувати,1
проголошення,1
проголосувати,1
проговорити,1
прогнозування,1
провінція,1
провокація,1
провина,1
проведений,1
провалила,1
провадження,1
приїхати,1
приїздити,1
приєднатися,1
пришвидшення,1
причорномор,1
причетний,1
прицілитися,1
прицілився,1
приход,1
прихильник,1
прифронтове,1
притягнуті,1
присяжних,1
прирівняні,1
природний,1
природа,1
припиняти,1
припинені,1
принциповість,1
принциповий,1
принц,1
приносити,1
приміщення,1
прикрий,1
прийнятність,1
приймальний,1
призвести,1
приділяти,1
приділити,1
придбати,1
придбання,1
приголомшений,1
привітання,1
привіт,1
привід,1
привести,1
приватизувати,1
приваблювати,1
приваблення,1
прибувати,1
престол,1
престижність,1
пресвятий,1
премєру,1
премєре,1
президентства,1
президентку,1
презентуємо,1
предстоятелів,1
представництво,1
представлення,1
предметний,1
предмет,1
працюючий,1
практично,1
прадавній,1
прагматичний,1
правосуддя,1
правоохоронці,1
правоохоронцями,1
правоохоронцям,1
правовий,1
правильно,1
правильний,1
праведник,1
поінформував,1
поєднання,1
поєдинок,1
пояснення,1
пошуковий,1
пошук,1
пошкоджену,1
почуття,1
почутий,1
почеснішим,1
потяк,1
потужнішим,1
потрясіння,1
потихеньку,1
постійно,1
поступово,1
поступатися,1
постріл,1
постать,1
поставка,1
посприяти,1
послання,1
посилитися,1
посилений,1
посвідчення,1
порішати,1
порівняти,1
порівняння,1
порушувати,1
порушення,1
португальських,1
порти,1
порозумітися,1
поранити,1
поранення,1
порадіти,1
популяризуємо,1
поповнюють,1
поновлення,1
помітний,1
помякшення,1
помилуваний,1
помилитися,1
помешкання,1
помазан,1
поліпшити,1
поліпшення,1
полянський,1
поляк,1
полтавський,1
половина,1
полегшувати,1
пола,1
покров,1
покрити,1
покривати,1
покращуючи,1
покращуються,1
покликання,1
покликаний,1
покласти,1
покладатися,1
поклад,1
покарати,1
покараний,1
познань,1
позитиву,1
позитивом,1
позитивно,1
позбавлення,1
позачергове,1
пожертвували,1
пожежники,1
пожежниками,1
пожвавлення,1
поділитися,1
подивитися,1
подзвонити,1
подвиг,1
подача,1
податковий,1
погодив,1
поглянути,1
поглиблюватиметься,1
погашення,1
погасити,1
поганий,1
повірити,1
повідомляти,1
повязують,1
повязані,1
повязана,1
повторюватися,1
повторювати,1
повторення,1
повноправне,1
повнолітніми,1
повноважним,1
повинен,1
поверхівці,1
побути,1
побудова,1
побороти,1
побачення,1
побачений,1
пневматичного,1
плідно,1
плр,1
пливти,1
платня,1
пластикових,1
плануватися,1
планетарний,1
плакати,1
плавчині,1
плавчиня,1
питний,1
писати,1
петицій,1
песах,1
першопрохідцем,1
персонал,1
перетворитися,1
перестати,1
переселенців,1
переробка,1
переплетені,1
переосмислення,1
переміщених,1
переконатися,1
переконання,1
перекличку,1
перейти,1
передвиборчій,1
передбачатися,1
передача,1
передання,1
переданий,1
перед,1
переговорного,1
переговорний,1
переглянути,1
перевірити,1
перевезти,1
перевезення,1
переведення,1
переважний,1
перевага,1
перебіг,1
пер,1
пекти,1
педро,1
певно,1
певен,1
паче,1
патріотичний,1
патріотизм,1
патронатом,1
пасажирський,1
пасажир,1
парубія,1
партнерські,1
партнерським,1
паркеті,1
паризький,1
парвіза,1
парвіз,1
параскева,1
параплавців,1
паралімпійські,1
паралімпіади,1
параканоїстка,1
парадоксально,1
папірець,1
панченко,1
пандемія,1
памяттю,1
памятних,1
памятатиму,1
памятатиме,1
пам,1
палкий,1
палац,1
палати,1
пакет,1
очищення,1
очевидно,1
оцінювати,1
оцифрували,1
охоплення,1
охопити,1
офіційно,1
офіс,1
оформляти,1
оформлення,1
оформити,1
отримувати,1
отриманий,1
отаман,1
осучаснення,1
остапченко,1
оснащені,1
оснащених,1
оскарженню,1
освітяни,1
освітян,1
освенцімі,1
орієнтований,1
оригінал,1
орбіта,1
оракул,1
опік,1
опублікувати,1
оптиміст,1
оптимізація,1
оплата,1
опк,1
опитування,1
опалення,1
оновити,1
оминути,1
омельчук,1
олімпійцями,1
олігархічний,1
олень,1
оксамитовий,1
окружний,1
означати,1
ознака,1
одразу,1
одноосібно,1
однаковий,1
одещино,1
одержувати,1
ода,1
огранювання,1
оголошення,1
оголошений,1
оговтуємося,1
огляд,1
овсій,1
овв,1
обіцянка,1
обірватися,1
обійняти,1
обіймати,1
обійма,1
обізнаний,1
обєктивність,1
обєктивного,1
обєктивне,1
обєднується,1
обєднуємо,1
обєднуватися,1
обєднувати,1
обєднають,1
обєднанні,1
обєднана,1
обєднавшись,1
обєднавши,1
обурюють,1
обсє,1
обстріли,1
обстеження,1
образа,1
обоє,1
обороноспроможності,1
обороноздатності,1
оборонно,1
обовязків,1
обмінялися,1
обмінювати,1
обмін,1
обмежувати,1
обласний,1
обладнання,1
обладнаний,1
обирати,1
оберігати,1
оаск,1
оае,1
оpportunity,1
ніч,1
нікополь,1
нью,1
нурсултан,1
норманді,1
нормально,1
новорічний,1
новообраному,1
новгородський,1
нинішній,1
низький,1
нижчий,1
нещодавній,1
нехтувати,1
нехами,1
неуцтво,1
неухильно,1
нетерплячі,1
нетерпимість,1
несумісних,1
нестримний,1
несприйняття,1
несподіваний,1
нескорених,1
нерухомий,1
непідкупність,1
неприйняття,1
неприйнятно,1
неприйнятний,1
неправі,1
неправий,1
непостійних,1
непоправною,1
непомітний,1
неподільну,1
неподільна,1
неподання,1
неповторний,1
неодноразово,1
неодмінно,1
необхідно,1
необробленої,1
ненька,1
ненависть,1
неминучий,1
немало,1
нельсона,1
нелегально,1
неймовірно,1
незрівнянна,1
незручний,1
незмінності,1
незламності,1
незламним,1
незламний,1
нездоланна,1
незаконний,1
недоторканність,1
недостовірних,1
недостатньо,1
недороге,1
недобросовісних,1
недарма,1
негаразди,1
невідємною,1
невідємна,1
невідкладно,1
невідкладний,1
невідворотність,1
невідворотної,1
невтомно,1
невирішені,1
невиправний,1
невипадковість,1
невипадково,1
невимовний,1
невизнання,1
небезпечний,1
небезпека,1
небайдужість,1
небайдужі,1
нбу,1
нашым,1
нація,1
нацполіції,1
нацистський,1
нацист,1
нацизму,1
нацизм,1
нацгвардійці,1
нацгвардійця,1
нацбезпеці,1
нацбанк,1
нафтогаз,1
наусєді,1
науседу,1
науседене,1
натхненний,1
натомість,1
натискаєш,1
насібова,1
настільному,1
наступати,1
настання,1
наскільки,1
насилля,1
насамперед,1
нарімана,1
нарівні,1
нарухіто,1
нарощувати,1
нарощування,1
нарада,1
напругий,1
напруга,1
напрацювали,1
напрацьовували,1
наполегливістю,1
наполегливості,1
напоготові,1
наповнюються,1
наповнити,1
написати,1
напевно,1
напад,1
наочний,1
нанотехнологій,1
намагатися,1
намагання,1
налаштованість,1
налагодити,1
наказ,1
нак,1
найтепліші,1
найтемнішій,1
найстрашніший,1
найскладніший,1
найсильніший,1
найрізноманітніший,1
найрідніших,1
найрейтинговіших,1
найрадіснішим,1
найперспективніша,1
найочевидніше,1
найняти,1
наймасштабнішими,1
найзапекліших,1
найдостойніших,1
найдорожчий,1
найглибший,1
найважче,1
найболючіше,1
назвати,1
наек,1
надіслати,1
надійти,1
надходження,1
надто,1
надсилати,1
надрокористувачів,1
надра,1
надихне,1
надихає,1
надихати,1
надихайтеся,1
надихайте,1
надважливої,1
надважливою,1
надважлива,1
надважких,1
нагляд,1
нагадувати,1
нагадувань,1
навязують,1
навчити,1
навчати,1
навантаження,1
набути,1
набрати,1
наблизити,1
наближають,1
наближатися,1
набагато,1
мішелю,1
міцніший,1
місткий,1
містичний,1
містити,1
міністерство,1
мінімізувати,1
мінімальний,1
мінцифри,1
мілітаризації,1
мільйонного,1
мікроскоп,1
міжрелігійної,1
міжлюдські,1
мязами,1
мусульманин,1
мусити,1
мужність,1
мужньо,1
мотивовані,1
мотив,1
мостового,1
москаленко,1
моргнути,1
монастир,1
молодець,1
молебні,1
молдовської,1
модернізуємо,1
модернізація,1
могутній,1
мовлення,1
мобільність,1
множаться,1
митний,1
митець,1
мистецький,1
мистецтво,1
миротворців,1
миротворця,1
миня,1
милосердя,1
миколаївщині,1
мзс,1
мешканець,1
метте,1
метровий,1
метод,1
металургія,1
металобрухт,1
мести,1
мертвий,1
мер,1
меншість,1
менший,1
ментально,1
мейнстрим,1
медіагрупами,1
медіаграмотності,1
меджлісу,1
меддопомоги,1
медалістів,1
медаля,1
медальне,1
маєю,1
матч,1
матуся,1
матеріальний,1
материнський,1
матер,1
маса,1
маріїнського,1
маріуполі,1
маріо,1
маряна,1
марселу,1
марно,1
маніпуляція,1
маніпулювали,1
манько,1
мандат,1
малюнок,1
макрофінансова,1
македонський,1
майорить,1
майно,1
мажула,1
мадам,1
магнітів,1
магнітом,1
магніт,1
магазин,1
літієву,1
ліття,1
літати,1
лісгоспів,1
ліс,1
ліквідований,1
ліквідаторам,1
лікарський,1
лік,1
лівий,1
лібералізація,1
лякати,1
лягати,1
лютий,1
людяності,1
людська,1
людиноцентрична,1
люба,1
львівщині,1
львівський,1
лунати,1
локації,1
логістику,1
лиця,1
лицар,1
лихий,1
литовченко,1
листопад,1
ленс,1
лекторів,1
лейкемію,1
легший,1
легкість,1
легкоатлети,1
легкоатлет,1
легкий,1
легалізація,1
легальний,1
левітса,1
левена,1
латвійської,1
латвійському,1
латвійських,1
латає,1
ласкаво,1
ласка,1
ланч,1
лайком,1
лад,1
лава,1
күніңмен,1
кішіду,1
кіберцентрі,1
кіберрозвідкам,1
кібератак,1
курца,1
курбан,1
купюрі,1
купувати,1
кульовій,1
ксенія,1
кросівках,1
крокувати,1
кричуще,1
критично,1
критичний,1
крипака,1
крик,1
кризовий,1
кривавий,1
кремлі,1
кремля,1
кредитування,1
кредитний,1
креативних,1
креативна,1
красиво,1
краматорського,1
краматорськ,1
кра,1
коштувати,1
костюм,1
костевич,1
корупціонери,1
корупціонерам,1
корупційних,1
коронавірусної,1
королівський,1
корольов,1
королева,1
корисно,1
копійка,1
копалина,1
кооперація,1
конґресовий,1
конча,1
концесію,1
концентрація,1
конфесія,1
контрабандистів,1
контекст,1
конте,1
консули,1
констатувати,1
консенсус,1
конкурсний,1
конкурс,1
конкурентоспроможними,1
конкретнішими,1
конгресмени,1
конгрес,1
комюніке,1
комфортнішим,1
комфортну,1
комфортним,1
комфортне,1
комфорт,1
комуністичних,1
компонент,1
комплексний,1
комплекс,1
компетентність,1
комерційний,1
комбінований,1
коляденко,1
коль,1
колосальний,1
колоритна,1
коло,1
колектив,1
колапс,1
кокусу,1
козак,1
кодекс,1
ковід,1
ковтуна,1
ковбаса,1
коваль,1
коаліція,1
князь,1
кнопкодавство,1
кнопка,1
книжка,1
кнесету,1
клітинку,1
кліматичний,1
ключ,1
клуб,1
клаусу,1
класний,1
класик,1
київщині,1
киримли,1
килим,1
керувати,1
кермо,1
кейсів,1
кейс,1
квітнути,1
квиток,1
квитанції,1
квартал,1
кваліфікаційної,1
кафе,1
католицький,1
катеріни,1
катери,1
катастрофічний,1
катару,1
карєрі,1
картинка,1
каратистів,1
каратиста,1
карат,1
карантині,1
карантинні,1
капітан,1
капу,1
канцлерки,1
каноїстки,1
каноїстка,1
кандидатура,1
кандидат,1
канадців,1
камянці,1
камоеша,1
камишева,1
кадр,1
кабінетного,1
йосіхіде,1
йорка,1
йорданією,1
йогурти,1
йоганнісу,1
зігріють,1
зібрати,1
зєднуєте,1
зясування,1
зясовані,1
зявився,1
зшиваємо,1
зустрічати,1
зупинятися,1
зупинка,1
зупинений,1
зубковська,1
зрілість,1
зрілий,1
зручніший,1
зруйнувати,1
зразок,1
зрадити,1
зондом,1
зозуля,1
зніматися,1
знятий,1
зняти,1
зно,1
знищувати,1
знищення,1
знищений,1
зникнути,1
знизити,1
знижувати,1
зневіра,1
знаковий,1
знайомство,1
знайдений,1
знадобитися,1
зміцнюватися,1
змінюватися,1
змі,1
змушувати,1
змушений,1
змужнілі,1
змагатися,1
зловмисники,1
зловживання,1
зленка,1
злагодженої,1
зимовий,1
зима,1
землевпорядної,1
землевпорядника,1
зеленчук,1
зеленського,1
здійснюватися,1
здобуток,1
здобутий,1
здатися,1
здаватися,1
згуртованість,1
згуртованості,1
згуртованого,1
згоріти,1
згодний,1
згода,1
згадати,1
звітувати,1
звіт,1
звістка,1
звірили,1
звільняти,1
звязківців,1
звязком,1
звязкова,1
зволікань,1
зводити,1
звичайний,1
звичай,1
звитяга,1
званий,1
збір,1
збільшитися,1
збігатися,1
збудувати,1
зближення,1
збиття,1
збити,1
збиратися,1
зберігатися,1
збережений,1
збалансований,1
заявляти,1
заявка,1
заявити,1
зацікавленість,1
захоплювати,1
захищений,1
захисний,1
захворюваність,1
зафіксувати,1
затримувати,1
заторів,1
затишок,1
затишно,1
затерти,1
затвердження,1
засіб,1
заступник,1
застереження,1
застарілий,1
заспі,1
заснування,1
заснований,1
засмучений,1
засмутила,1
заслуга,1
засвідчувати,1
заряджають,1
заручившись,1
заруба,1
зарплата,1
зареєструвати,1
запустити,1
запускаємо,1
запускаю,1
запроваджувати,1
запровадження,1
запроваджений,1
запрацює,1
запрацювала,1
запорізький,1
заповідник,1
запобігти,1
заплющувати,1
запливів,1
запливі,1
запитати,1
запитання,1
заперечити,1
запевнити,1
запальний,1
запалити,1
заощаджує,1
заохочувати,1
замовник,1
замайорів,1
залізничний,1
залужний,1
залежати,1
закінчувати,1
закінчити,1
закріплює,1
закриття,1
закривати,1
законотворчості,1
законодавчий,1
закласти,1
закамянілому,1
зайвий,1
зазначити,1
заздрити,1
задум,1
задоволені,1
задоволення,1
задекларував,1
загребельний,1
загострилася,1
загострення,1
заговорити,1
загартовані,1
загарбник,1
загальноєвропейського,1
загальнонаціональну,1
завітати,1
завідомо,1
завтрашній,1
завойовують,1
завойовували,1
завершитися,1
завершити,1
завершальний,1
завдати,1
завадити,1
забудова,1
забронзовіти,1
заборона,1
заборгованість,1
забирати,1
забаритися,1
жіночий,1
жінка,1
журналістика,1
жрець,1
жорстко,1
життєво,1
життєвий,1
жест,1
жванецький,1
жваво,1
жар,1
жадоба,1
ефективність,1
ефективно,1
естонцям,1
естонському,1
естонських,1
ескалацію,1
ерудованих,1
ерозія,1
епіцентрі,1
епідконтроль,1
епоха,1
ентузіазм,1
енергійності,1
енергопостачання,1
енергозбереження,1
енергоефективність,1
енергоблоку,1
енергобезпеки,1
еміру,1
емірату,1
еміратським,1
еліта,1
еліна,1
електростанція,1
екстреної,1
екстра,1
економічно,1
екологія,1
еколог,1
егілса,1
евакуювали,1
евакуював,1
евакуйованих,1
евакуйований,1
діяч,1
діючий,1
дітлах,1
дітки,1
діловий,1
діло,1
дідусь,1
діджиталізації,1
дівчата,1
діамант,1
діагностик,1
дьяченка,1
дуброва,1
дубля,1
ду,1
драґі,1
драйву,1
дп,1
дошкільнят,1
дочекатися,1
дохідної,1
дотримуватися,1
дотримаємося,1
дотримав,1
доторкнутися,1
дотичні,1
дотик,1
дотепний,1
досяжну,1
досяжна,1
досягнути,1
досьо,1
достойний,1
достатньо,1
доставка,1
доручити,1
доручення,1
доручаю,1
дорослий,1
дорожній,1
доповідь,1
донечка,1
донесення,1
домовлятися,1
домагатися,1
долучиться,1
долучилися,1
долучаючись,1
долучайтеся,1
долучайтесь,1
долучайся,1
докладно,1
дозвілля,1
додатися,1
доданий,1
додавати,1
договір,1
довірчим,1
довірити,1
довідка,1
довший,1
доводитися,1
довготривалий,1
довгостроковий,1
довголіття,1
довгождане,1
довгий,1
добємося,1
доброчесність,1
доброта,1
добросусідські,1
доброзичливий,1
добрий,1
добиватися,1
дн,1
дитсадки,1
дитинство,1
дистанційно,1
дислокації,1
дискутують,1
дипломатія,1
диплом,1
динамо,1
диктувати,1
дивовижний,1
диво,1
диверсифікації,1
диверсифікацію,1
дзвінок,1
джузеппе,1
джерело,1
джелялова,1
джастіне,1
джастіна,1
дешевші,1
децентралізації,1
детінізація,1
десять,1
десяток,1
десятиріччя,1
десятиліття,1
десантників,1
держінституції,1
держспецзвязку,1
держслужбовців,1
держслужбовці,1
держсекретар,1
держпідприємств,1
держпослуг,1
держкомісію,1
держбюджет,1
дерегуляція,1
дерево,1
депутатський,1
депортовано,1
депортація,1
деолігархізація,1
деокупація,1
демонополізація,1
демон,1
делегація,1
декада,1
дезінформація,1
деескалації,1
дебютний,1
двісті,1
двопартійний,1
дарї,1
дарю,1
дар,1
дань,1
данським,1
дама,1
далекосяжні,1
давнина,1
давидківцях,1
дабі,1
дабрабыту,1
гітанасу,1
гірший,1
гімнастів,1
гімнастикою,1
гімнастики,1
гімназіаду,1
гігієна,1
гібридній,1
гібридні,1
гучний,1
густава,1
гурток,1
гумор,1
грузинський,1
грудень,1
громадянський,1
гривня,1
гривневій,1
грецький,1
грек,1
грації,1
грандіозний,1
грамотності,1
гральні,1
грального,1
гострота,1
гостро,1
госпіталізовані,1
госпіталь,1
горуну,1
горе,1
гордо,1
гонтар,1
голос,1
голокост,1
головнокомандувачу,1
годинник,1
глядач,1
гладко,1
героїчно,1
геращенко,1
геополітичного,1
географічно,1
генсека,1
генеральний,1
гвардія,1
гасінні,1
гасити,1
гарячий,1
гаряч,1
гараж,1
ганебний,1
гандзюк,1
галущенко,1
галерея,1
газпрому,1
газотранспортний,1
газопровід,1
гаазі,1
вїзна,1
вїзду,1
вічність,1
віче,1
віце,1
вісім,1
вірянам,1
вірченко,1
вірусологів,1
віртуальний,1
вірно,1
вірний,1
вільно,1
віковий,1
віко,1
вікно,1
візитівкою,1
відійти,1
відчуття,1
відчутно,1
відхід,1
відсьогодні,1
відсунути,1
відсоток,1
відрізняти,1
відродження,1
відриватися,1
відремонтували,1
відреагувати,1
відпрацьовує,1
відпрацьовуватимуть,1
відправною,1
відправна,1
відправляти,1
відправити,1
відпочинок,1
відповідь,1
відповідність,1
відомість,1
відображати,1
відновлюваній,1
відновлений,1
відновиться,1
відмовитися,1
відмова,1
відлетить,1
відкриватися,1
відкликати,1
відкликав,1
відкладанню,1
відкат,1
відеопривітань,1
відеопривітання,1
відеоконференції,1
відеовключення,1
віддачі,1
відвести,1
відверто,1
відбудувати,1
відбирати,1
вязниць,1
вязень,1
вшанування,1
вшановуємо,1
вшановуючи,1
вчинок,1
вчений,1
входити,1
входження,1
вуличний,1
вузький,1
втілюватися,1
втручатися,1
втрутитися,1
втричі,1
втамує,1
встигнути,1
встановлювати,1
всеукраїнський,1
всесвятості,1
всеосяжне,1
вселенський,1
всевишній,1
вручити,1
вражений,1
вр,1
впровадити,1
впроваджуватимуться,1
впроваджуваних,1
вправа,1
впливовий,1
впевненість,1
впасти,1
вояк,1
воювати,1
восьмий,1
восторжествувати,1
воскресіння,1
восени,1
ворота,1
вооз,1
волонтерів,1
волонтерський,1
воло,1
волинський,1
возити,1
водій,1
водопостачання,1
водночас,1
водиці,1
водень,1
вогнепальним,1
вогнеборців,1
внутрішньо,1
внесений,1
вмф,1
вмотивовані,1
влучити,1
власник,1
вкрай,1
включно,1
включати,1
вкладати,1
вккс,1
виїзд,1
виявлення,1
вияв,1
вищати,1
вишитий,1
вишеградській,1
виходець,1
вихователь,1
витримка,1
витратити,1
витрата,1
високопрофесійним,1
високоповажного,1
висококласну,1
висадити,1
вирішальний,1
вирушати,1
вирувати,1
виразний,1
випускник,1
випуск,1
виправдати,1
виправдання,1
виплата,1
випередити,1
випереджати,1
виняток,1
виноробні,1
виникнути,1
винести,1
вимір,1
вильоту,1
використовуватися,1
використати,1
використання,1
викоренення,1
виконуватися,1
виконати,1
виконавчий,1
виключно,1
викид,1
вийти,1
визначення,1
визначений,1
визначальний,1
вижити,1
виділити,1
видно,1
видатися,1
вид,1
вигляд,1
вигадати,1
вивчати,1
вивозиться,1
вивести,1
виведення,1
виваженість,1
виборець,1
вибачити,1
вибачення,1
взяття,1
взаємосумісність,1
взаєморозуміння,1
взаємовигідну,1
взаємовигідного,1
взаємовигідним,1
вживати,1
веєм,1
вечір,1
вести,1
веслування,1
веселий,1
вершина,1
верховенству,1
верховенство,1
вербки,1
венеціанської,1
велотреку,1
велосипед,1
великодній,1
велетень,1
везти,1
вежа,1
ведення,1
вдруге,1
вдихнути,1
вдень,1
вдатися,1
вдалий,1
вгамувати,1
ввп,1
ввечері,1
ввести,1
вболіваєте,1
вболівають,1
вболіватимуть,1
вболіватимемо,1
вболіватиме,1
вболівати,1
вболіваймо,1
вбивати,1
вберегти,1
варіант,1
вартувати,1
вартовий,1
вантажівок,1
вантажообігу,1
вантаж,1
вакцинувався,1
вакцину,1
вакцинація,1
важко,1
вагон,1
вагомість,1
ваговий,1
вагання,1
бітліс,1
біркенау,1
біотехнологія,1
більший,1
білодід,1
білогородці,1
білла,1
білий,1
бійню,1
бійка,1
бій,1
бідність,1
бідний,1
бібліотека,1
бєсєдіну,1
бюрократія,1
бюро,1
букінгемському,1
буксир,1
буква,1
будівельник,1
броньовані,1
бронежилетів,1
британців,1
британський,1
бриз,1
брехня,1
бреус,1
братерство,1
бранець,1
бракувати,1
бразильцям,1
браво,1
боєздатну,1
боєздатне,1
ботурчук,1
бортницької,1
бориспільської,1
борговий,1
борг,1
болгарський,1
боксував,1
боксу,1
боксери,1
бой,1
божевілля,1
богослужіння,1
богородиці,1
богодайка,1
бог,1
блок,1
ближчий,1
благополуччя,1
благодійний,1
бешти,1
бех,1
бесіда,1
берегової,1
бердянськ,1
бер,1
беллом,1
беленюк,1
бейруті,1
безцінний,1
безцінне,1
безумовний,1
безстрашних,1
безпрецедентна,1
безпекові,1
безпекової,1
безпекового,1
безпекових,1
безпекове,1
безневинних,1
безліч,1
безкоштовно,1
беззаперечного,1
беззаконня,1
бездушною,1
бездоганний,1
безвізу,1
безвізового,1
бачинську,1
бахмуті,1
баха,1
бастилії,1
барєрів,1
барєром,1
банкова,1
балто,1
бак,1
байрам,1
байдужий,1
базуватися,1
бажаний,1
багів,1
багатство,1
багатопрофільної,1
багатонаціональний,1
багатовікова,1
багатий,1
бабіша,1
аушвіца,1
аушвіц,1
аутсорсі,1
аудіогід,1
аудіовізуальне,1
аудиторія,1
аудит,1
атрибут,1
атмосфера,1
атлетики,1
атака,1
асоціюватися,1
асоційованого,1
асоційованих,1
артем,1
ароматна,1
армстронг,1
арена,1
аргумент,1
арбітражу,1
арбітра,1
арабський,1
аплодує,1
анульовано,1
антон,1
антиолігархічному,1
антиолігархічний,1
антикорупційній,1
антикорупційну,1
антикорупційний,1
антарктичній,1
анонсованих,1
анжеліко,1
анжеліка,1
анексія,1
анексувала,1
анексований,1
англійців,1
анастасію,1
аналіз,1
аналогія,1
американець,1
амбітну,1
амбітних,1
амбітне,1
амбулаторії,1
аліна,1
альтернативний,1
альма,1
альбертіна,1
алмаз,1
александра,1
акціонер,1
актуальність,1
активніший,1
акорд,1
академік,1
ак,1
азовському,1
азербайджанських,1
аз,1
аерокосмічний,1
аерації,1
адміністрація,1
адміністративно,1
адміністративний,1
адмінпослуг,1
адженді,1
адекватно,1
адвокацію,1
адаптаційний,1
агросектору,1
агресору,1
агресора,1
аграріями,1
агент,1
авіасполучення,1
авіарейси,1
авіапром,1
авіапарк,1
авіаконструкторів,1
авіакомпанії,1
авіакатастрофа,1
авторитет,1
автоперевізниками,1
автомобільний,1
автомобіль,1
австрійський,1
авдіївці,1
абу,1
абсолютно,1
абзац,1
Яна,1
Христя,1
Хмельницький,1
Харків,1
Фінляндія,1
Федькович,1
Троя,1
Томас,1
Стеценко,1
Стефан,1
Станіслава,1
Святослав,1
Руслана,1
Румунія,1
Роберт,1
Рим,1
Путін,1
Прикарпаття,1
Павлов,1
Павло,1
Орлик,1
Олексій,1
Олександра,1
Олег,1
Мінськ,1
Михайлович,1
Миколаїв,1
Миколайович,1
Микола,1
Марія,1
Марчук,1
Марс,1
Львів,1
Лондон,1
Костянтин,1
Ковальчук,1
Китай,1
Карл,1
Казахстан,1
Зоя,1
Жан,1
Дністер,1
Джордж,1
Григорій,1
Герман,1
Віктор,1
Відень,1
Володимир,1
Волинь,1
Вернадський,1
Ватикан,1
Василь,1
Варшава,1
Варфоломій,1
Білорусь,1
Буковина,1
Болгарія,1
Анатолій,1
Америка,1
Азія,1
Азербайджан,1
Індія,1
Ілля,1
Іванович,1
Іван,1
Євген,1
xxiii,1
xvi,1
word,1
westinghouse,1
welcome,1
wbo,1
wba,1
war,1
vvd,1
vs,1
voi,1
vodafone,1
ve,1
ukrayna,1
twice,1
to,1
tech,1
sveikiname,1
summit,1
store,1
socar,1
siziñ,1
siamo,1
serbest,1
sapiens,1
respect,1
rebelo,1
qırım,1
ps,1
play,1
olacaq,1
of,1
obrigado,1
never,1
mh,1
mariupol,1
marcelo,1
mahsullari,1
lijepa,1
lead,1
knocks,1
içün,1
ix,1
it,1
ii,1
ibo,1
ibf,1
hvala,1
homo,1
high,1
gov,1
g,1
forbes,1
electric,1
e,1
de,1
cпільно,1
con,1
but,1
boeing,1
bizim,1
bakcell,1
bad,1
azatlığıñız,1
arvin,1
apple,1
amp,1
